thebronx_,8fba0f25-7be1-32ef-a4a0-0c9ab0f350c6
imbaolong,7502eb4c-f67c-3f31-b15c-f50f94f7059d
galaticwolf,c1adc4e6-0f8e-3a46-a2e1-48dd7589479e
x_c0pv_m5jk1orh_,eac49234-9eed-3c86-b6b2-7c3fe5831700
yatxyue2o5u8dhcn,77eddac3-a6fb-3397-bacb-2a5a9a768ac1
jxucbschrvfhzhhy,e4104bc3-89b9-328e-bca0-b7ce52d0a19c
blacksniper2705,a2f2efd3-bca5-3863-9161-712789cbf098
xdz87afypwkz2ei_,d3a512b3-331d-3cc5-9998-94b21fa48eb2
mkwb_ajbuzzt8gye,83c38136-0853-3dcd-9a34-3dd4a6c1d1f4
caricraft,eca8112c-71a5-3f0d-9c89-1484ee7f9b7b
bwfrioq6volnp13s,0e8edf72-b346-3ded-8304-2d67ef2374c9
jdoggaming1,a7e07fbf-c5bb-3fe1-b4fb-3b20457b899a
faction_f5653d2a_a762_49b3_969c_c69e2d33589d,f6396962-1bac-39c5-8a38-412649b93ace
faction_3e517435_7387_4bf1_aff3_1bc13d8e0897,afc4ee74-0357-36c1-a922-796f724c4ef5
chethetdifuck,9fb0f1ad-0e76-3324-9157-99390b317892
gaixinh123,ad7e4512-aa7d-35f3-ac61-4c862ae34397
daryedwin,76507235-9ede-3de8-b11b-52d39584249a
faction_4b82f772_301e_4ff3_a6ee_fd7cd6a4987c,0b287090-db77-3c97-919f-f89aa4a9c27d
v8x2d2kf7wqpjfdv,1b49f493-b827-3b14-8d61-2ac3b2e27be3
phanmy2412,78b3b8f9-7f70-3bc8-acb5-601b64e42e59
0wux1jb8czvp_8nd,a4c6d883-2923-3f3a-b078-2edf72791637
4wclbnfpumknz5mg,24bcd168-135c-32ec-ba54-d2b58b32169d
bot_1,9bd5f836-30e9-3c2a-8b1c-2762d89bb0e8
getfog,703d56ef-7c40-3103-a421-bc443930e42f
niqbxejmhujjyjgv,9c6213ab-d927-3866-afd4-7b0c6be39860
_ivveafpsy7xtyid,4a010d1c-c30d-37e3-9d7b-d7627bef3110
nitw3ylm795usuhg,139fa00d-c74f-3dcd-b482-9f2391a77965
duybinh,943db655-9e31-3e30-8a8a-d900981db85b
nktmorna9bvmkob0,a3b01884-0d13-3fe6-91fa-a09a4f11f35e
rac7uuwcz_vhtx9e,fd857142-6a5a-3163-8afc-b8fcc1a8000c
tnlwzisnj8qbxmgy,c1dcef97-6759-36eb-829d-ff79c6932283
tket7um2bxwl3oou,016010da-ce2b-3d39-bbf4-3c1a35b4a7e3
tat_vo,fb1bc12c-ecf9-32a8-89e8-de754b26fd16
faction_01a1f36b_d3af_4c84_a347_393be5056a3b,aeec872b-5606-3aba-8f03-57b96ea0cfbf
ph4xhbcxiqgvvjbh,dd50eeb6-6088-3c9c-8936-f5734f05b3ea
at4tqgqgfnv82gfg,61358949-5145-30dc-9aa9-1daf24ef3a32
e_n8_47s6_uftqsr,1c76a3e8-079c-3340-9658-4f6b94a67c17
afycyvz_qr62aodj,e6ede3be-d3d7-391f-8abc-1167954877ed
lordforn,b2a390bb-0d1e-323e-bfe1-6adae8223076
block_of_gold,c8e99a8f-bc29-3c9e-9ad7-cc57c9d9d814
faction_841ba258_7e42_4d68_aabb_df7b1362afc2,3e45eee6-192a-304f-9b08-2a1d1d8a4e42
faction_warzone,d718f377-082e-3f3c-baf6-7fba6a29b7af
faction_1360b193_a0f4_4e0e_af2e_c8d531924af4,6babbfdf-2a7b-3b99-aa68-5d51de63a0ad
faction_e2c6bfe4_dfb0_45ca_8bee_7c1f9fb42603,93155578-28eb-32f6-9ff0-3833fb6e04ee
ivg_4g9rmk56wdgp,b77c80dc-7705-3d7d-86c6-4a67e3dcee32
evildark666,ddc022c7-af67-3c8b-8276-f1f97f5b1a28
t5jbvvu0kd1rq7vf,0d3a2569-0b4f-3653-b347-c916656b7b83
faction_51776c32_a55f_449c_aa98_67aa6a3db18c,68d79e14-ce98-35f9-be33-87a098ed99a2
ifnjghkpce4emxkg,337f3ba7-4d21-33e9-9d1c-0131b0918ec1
7tkmqjasnr7_st7d,e24e80f9-8115-33b0-a8c0-7c5319955eaf
kpjcgqkidiiht6b9,392c2082-e633-32bf-9b79-2e2bdfdcf7aa
tb6kw3ytfcfgfvbh,2ca89726-a1d8-34c8-9624-03bb4c2730bd
thanhvnhc,f9c1f1d3-fb2d-3aa4-be6b-871f426bdda7
htfswjctxzjat68o,ba1ed00a-4f1c-3223-a6f3-25b979779437
tramhoangminh12,6437462c-56fa-3230-bb0e-d23aef039801
evildark,f08f9510-b979-309d-8266-87fe90753cd0
c9ryylclck3chskz,61e10e70-0ad4-389c-97f0-2e9dfb2700d5
cuqq4bvdggzfxjru,5b90534d-d482-3864-a81c-85ef8befbe52
tienlegend,5778a446-3030-3151-922c-19264e5a2fff
buzubaza,cdda6c69-7dc5-38a2-9c0c-55a9385cb901
xbloodwolf1x,ad0a189d-1350-3529-93b7-60d817b2f999
faction_be35febb_2c1d_4d49_b581_57ee0ace5a7d,fa13169c-791e-337f-bac8-e781c1a469b2
bdhju5fvnxzeuweq,4ac00d78-33ba-342a-a797-e1d71ca8ac34
drx1vorhixuzdzin,e2c56d02-1335-3185-b86b-d1ed253f5676
9ptryx9yjfvqtkzb,1f198295-934b-36ec-9049-111c3485d33d
texward,375240f0-23c3-35cc-95d4-b7b8e359834e
hw5qs0ih8epp3rby,19d4e754-b115-3c86-882f-f01c7a849cdc
faction_c29530d6_a063_40c3_a879_01a523969eef,3c07d171-920c-39a3-b8c6-78b6b0d2807c
minhnhutvn,07f5a57e-deba-3673-8147-73f696442a6a
tranhung,8183ecd2-af4e-36ea-927d-9783292cfe2d
dhunters,720d93b2-f332-30e5-b832-5ceef1e3d6f6
faction_f3e1779d_8196_4e9f_95fc_cd49e23221a3,d3aa5687-5a7d-39c2-867e-0c58201e8725
3iluzrevrie7dtej,6157248d-c468-31f4-93f8-b09f2314a196
faction_850a4a34_dc27_4754_9ead_143a4f54a265,90c27822-8c7d-3c7c-8917-5447eff04003
oke3wfmjxbh5rwdz,443b424d-1d83-3b01-9b79-b959917888e0
faction_0b046774_fab9_4527_931f_7fea43de4698,a6016d62-8d13-3058-8d79-83c55ee70a61
fatherofgod,31324145-5f03-394b-ae6a-b404b11186b2
clgtfuckyou,07401388-d57b-3517-ae09-6fbe63e01bd0
theodore120,3ccdf676-d4a5-350e-869e-5ef5fd7bbbe9
faction_dfb91e86_46f1_4da7_ace9_81825fbbc129,5238a054-ae8a-3d32-b956-6bc811626f6e
dmijsufgdzqcbokb,a5c49ff6-5cbe-308e-a572-fddd739dfa72
hxilwreaifncwcdz,0a552918-4d36-37cf-9387-e45d2f973262
qslphjjcg__kttdm,ac2d4847-b98b-3998-8e60-e2dfb24d7130
np5vzj1hssfhgrsa,a6ae6b5b-a7ae-3ccb-830f-ecbdd8ade817
koru_nanbaka,4db2d21d-8f5c-31cc-8e3c-c9f5e3d0b4e5
nhan_vo,186aed81-a76f-3733-b438-74ec672896d3
l1opjqfp_fjg9as_,c1838476-bbc2-36fd-ac47-3ac6a0a6844a
pg07s7tev7bgey71,649ec4a2-3750-3059-9c98-1b60065aa87b
razer191,e6f426fe-53a9-3c4d-a054-b8150233e0c6
phrhkxgndtqimlal,53759ebc-1ea1-3c1e-abee-0127015b5214
omy2ysxnnakto6p5,eddb8ec4-6c8f-355b-9ddb-aa22a3335ca1
faction_279fdeef_5ff5_430b_8afa_884e769a4587,33d4080f-2637-38fb-bae6-3cd1702bfaf3
9m0m,b6bcf96e-8b5e-36a6-9888-11acce7a4979
exwords,f7a46f27-756f-3e35-9603-9ec23899c514
faction_bb16e136_e9a7_432f_b9e9_024e77cef5c7,6fd99dbe-e9b4-317c-87b0-8924fc555891
2nzmiz_xkedbguzk,7a6016b8-fe27-37e6-be87-59d56e27ba4b
4tqno1hwzyfctotu,955aa855-f460-3793-abb2-30ddd73ea7a7
yhqbt8tomco0xweq,57f2470d-9b92-3069-8d90-675023bdced2
ga8ynbrdbf8nhsz8,84a45239-0c48-3727-86ba-4846f2078862
faction_620a1766_96d0_4a6d_99ed_4c5fe240a84b,4ec84b11-cde1-3079-ab34-9b4ecfa3d171
roboidnqv,bd9ceeef-5651-36a6-b7c0-15b0f3a0c5aa
lfhn3dqncu7i_oav,f643205f-e16b-365e-b412-0f35cc7cf32f
prcqvejueqbcw85w,e2969a52-7be3-333f-a434-6d74eb12496f
y2jb8m8hnwz9mpfg,625e40f6-a409-3fd1-9250-ea96e4efa5f2
tli0toffnqjdfkqw,c6cb9ba3-79ea-302a-b29a-8249ecd60a0f
eos5nhkwmogkxp35,d96c273d-824c-32f7-9bf8-bedd1f2f7977
ocfj7hwsr1itmt4n,fe6dfc0b-e97a-3434-a516-d5cec467f558
9xwgzgyxwscbjhc1,574c094c-0d85-3128-9878-032dab76e8d9
kuevdol_anhtxfx6,0398a4de-837d-3876-b64f-e504c425cd9b
x5ur_pytmdcv7vdj,19c61a94-df75-35fe-ad78-b9868111015f
bnyw67fqx2ycxqjz,b4c78dda-3101-3396-a7e0-ba68725b430a
mdx2rieia40bjo9v,0a3f5f0b-ca78-343b-a3cf-a4f5bc98dfcf
babycows,6676d1e2-d29e-3360-9bb8-f31ba166c763
fd6wc1fx3dqocv66,b52900a1-95f4-3f67-94a1-604eb5c0ed2f
tis,edf7f208-7667-3012-89c3-e49049c1a2fa
tan,cf0a2fb2-080d-3f43-8b52-1cb37c4f136c
4sabq2xlcu0oi3qd,b5ce35df-a8e2-346a-a9ff-2d1b7e732136
_pvpthaipvp_,d37ab9fc-1a91-3cb8-9468-7f1a7e1a8df7
evidark666,df58eca4-9f3f-3732-8d50-e1523a291cae
nhan_vo51,ccddef94-7d6c-3cc4-99e1-eb4a179485c3
ynncrni5rahtgbha,414d5d57-c1e5-3320-9906-8f8f9273961b
trideptraivcl,bd15f7c0-e8f4-3592-9453-e71df054e53a
mnamruhjvshjlsnm,464a52f6-abf8-36f7-9c37-e4adbe8bc9b3
8dzfeb39dg31jjrn,70a7f450-ef28-31ab-b8ed-c638875632e3
im0nv27zcrpqafgw,19d9ffeb-1e68-3dfa-aa39-96bed5010905
wdbgosqm4jktcaus,de95ec44-4335-3ddd-8311-7ae3af8fa7f9
mishanya_play,91c899f0-5d2e-3d68-8ad8-0f3c96c18209
faction_ee516de4_a9e9_456c_af21_851ee752c9da,be95670e-805a-3571-b9e3-8d65a08e2dc5
fg8bdgufqhgbbfkk,4a605800-6ec7-392a-ba35-3097a4421dfb
n3pirlrvukp1wmxz,c718bddd-9d7d-3af9-9531-9afc60af3c05
1uieln_inhyyet7k,3fe12474-71a6-3999-bfff-6f96c6bc0f31
faction_4fb50dde_6c0e_41ee_b96f_400a65f07e78,4e41cb6d-def7-38d2-b7a5-42a83569b8a0
af4ps1lky_vi6cz2,726ab09c-83d0-382e-904e-9db78dc87109
gachipgamay,4438bd59-db2f-3e6e-9035-c27e1c407b51
ls_npc3cpiex55ne,f3a80596-fc1a-39c7-bc50-92d99550394d
faction_41a8ad2b_ba21_4571_9975_5b24d55cbad1,76b51416-9a7c-3754-85ff-2b51aee20710
faction_7ef499ed_d58d_4e69_8629_9217a953d425,9f0a137b-38fd-3eb7-9f9f-101c78a4aaab
jgphhhsgy44ymzte,1af7be62-90f4-359c-94ba-702b0e917da4
_nnljtc590ajf7j5,addecafb-54be-391f-85c6-bc31eaa44b2d
phannhai,3b409c58-513b-3d51-8098-57af6358c2e2
_noobpvp_,2bccd619-d929-3068-bdfd-031ab087398f
faction_83a63b67_8d27_40c6_b485_1989e91f11f9,c52de2fc-8c82-3f3c-ad28-d0c97fdd6d8b
vanthai,7628154a-8ccb-39e5-a23e-723149d87e31
hackercc,e8ca916e-9458-36c8-97c1-bb37f5d3a55b
nxlu8ugtbz6fa0ks,86a96839-1991-3260-aaa0-60bec2406a7d
grj7f5kgq8hyte8y,407dc276-483b-3d7c-9d63-ce69fc4d2692
osstcaxvt0yk_hmo,59174dca-b4be-3d33-b1e6-73da301e0c8f
heinyken,ee6f4dfd-eed5-3c61-b060-84299e673757
thmx52hjruerfxkg,12992620-58ce-346c-9db8-062ce8f6450a
pain,c151be8e-6a73-33d7-b920-c121bf3cf9a4
race,458613b7-28cf-3054-b6a8-f000204208fc
mynameishuy,4c30b03d-533d-301e-bf5b-60ace984d58b
faction_safezone,df290318-9c3f-32c6-9a3d-8db0f7513fe6
trihn0301,d581c884-c3c4-3f9e-a4b7-a5b7afa26e58
vantue,0a89e89a-938c-3fb9-b1c0-4ca94b5f95c3
5qf9dz0g2r04tbdb,c1962ee7-d43e-389a-b999-bf4a52136ab4
gumo2madi3aab06c,a3bf5e81-0153-3cbe-b514-79599932d19b
lpqjvlrecs2wtll5,291a895b-463f-3a0d-8452-c4887abc6ab0
1oyeelsouuxbtwrw,8bd7dfdc-af86-305c-b5c9-4b9f373ec45d
7dsmeyzpcigv5lur,c2918e80-cb9a-3dcd-b026-0417bb697a3d
ffzqgjgvdlpnvqqk,55537f0d-600f-3cd1-a508-0e0bfe9fcde2
h3bgundqb9loro_p,666adb79-d77e-34b6-90b5-c3c2255527e0
cyskimzw3ukinf5y,db00fe48-ee3a-3a7c-adc4-596dcd508723
7lnx_5enouwltc0m,54b663b8-3f4e-3628-bb49-ca1146a64f06
g0otvophjpbb9mol,fcf6cfd4-3698-339d-87c2-1becb7c21763
